row,status,predicted,error
0,200,129.84808349609375,
1,200,102.85194396972656,
2,200,84.84762573242188,
3,200,53.59725570678711,
4,200,38.49747085571289,
5,200,39.38983154296875,
6,200,47.76775360107422,
7,200,117.70751190185547,
8,200,147.73684692382812,
9,200,157.3969268798828,
10,200,171.16342163085938,
11,200,188.6612548828125,
12,200,290.4709167480469,
13,200,290.4709167480469,
14,200,301.43536376953125,
15,200,301.43536376953125,
16,200,312.5658264160156,
17,200,275.75579833984375,
18,200,231.85430908203125,
19,200,263.3637390136719,
20,200,173.6922149658203,
21,200,119.89568328857422,
22,200,145.41976928710938,
23,200,129.84918212890625,
24,200,138.36090087890625,
25,200,104.04965209960938,
26,200,98.45918273925781,
27,200,61.57119369506836,
28,200,38.404823303222656,
29,200,39.297183990478516,
30,200,47.76775360107422,
31,200,92.1212158203125,
32,200,137.07980346679688,
33,200,229.65530395507812,
34,200,266.7099914550781,
35,200,291.5147705078125,
36,200,305.2494812011719,
37,200,205.7978057861328,
38,200,188.6612548828125,
39,200,188.6612548828125,
40,200,237.82191467285156,
41,200,231.85430908203125,
42,200,270.45501708984375,
43,200,270.6549377441406,
44,200,234.85581970214844,
45,200,190.25433349609375,
46,200,128.02760314941406,
47,200,107.0888900756836,
48,200,56.158939361572266,
49,200,42.678131103515625,
50,200,36.041324615478516,
51,200,35.495826721191406,
52,200,35.495826721191406,
53,200,47.26457214355469,
54,200,121.60499572753906,
55,200,292.529541015625,
56,200,365.71575927734375,
57,200,186.94650268554688,
58,200,186.94650268554688,
59,200,186.94650268554688,
60,200,199.10739135742188,
61,200,134.54476928710938,
62,200,122.89791870117188,
63,200,122.89791870117188,
64,200,282.3974914550781,
65,200,406.50555419921875,
66,200,406.50555419921875,
67,200,297.49249267578125,
68,200,194.9024200439453,
69,200,184.4246063232422,
70,200,148.83016967773438,
71,200,107.0888900756836,
72,200,56.158939361572266,
73,200,42.678131103515625,
74,200,36.041324615478516,
75,200,35.495826721191406,
76,200,35.495826721191406,
77,200,47.26457214355469,
78,200,123.31002807617188,
79,200,300.9900817871094,
80,200,365.71575927734375,
81,200,186.94650268554688,
82,200,186.94650268554688,
83,200,180.7455291748047,
84,200,202.92147827148438,
85,200,202.92147827148438,
86,200,201.7572021484375,
87,200,202.92147827148438,
88,200,283.03863525390625,
89,200,447.8118591308594,
90,200,447.8118591308594,
91,200,322.0094299316406,
92,200,260.2939147949219,
93,200,205.8251495361328,
94,200,155.22201538085938,
95,200,105.08541107177734,
96,200,57.28251266479492,
97,200,42.678131103515625,
98,200,36.041324615478516,
99,200,35.495826721191406,
100,200,35.495826721191406,
101,200,47.26457214355469,
102,200,123.31002807617188,
103,200,300.9900817871094,
104,200,369.60589599609375,
105,200,180.7455291748047,
106,200,180.7455291748047,
107,200,179.5812530517578,
108,200,201.7572021484375,
109,200,201.7572021484375,
110,200,201.7572021484375,
111,200,201.7572021484375,
112,200,294.15802001953125,
113,200,462.72808837890625,
114,200,462.72808837890625,
115,200,332.8769836425781,
116,200,242.19651794433594,
117,200,177.4725799560547,
118,200,159.28001403808594,
119,200,108.94990539550781,
120,200,61.82912826538086,
121,200,45.415321350097656,
122,200,36.041324615478516,
123,200,35.495826721191406,
124,200,35.495826721191406,
125,200,47.26457214355469,
126,200,122.52484130859375,
127,200,300.9900817871094,
128,200,369.60589599609375,
129,200,180.7455291748047,
130,200,179.5812530517578,
131,200,179.5812530517578,
132,200,201.7572021484375,
133,200,201.7572021484375,
134,200,201.7572021484375,
135,200,201.7572021484375,
136,200,294.15802001953125,
137,200,450.0845947265625,
138,200,435.1683654785156,
139,200,332.1487731933594,
140,200,242.19651794433594,
141,200,172.6058349609375,
142,200,166.5757598876953,
143,200,119.86377716064453,
144,200,65.73541259765625,
145,200,46.47748947143555,
146,200,36.881202697753906,
147,200,35.495826721191406,
148,200,35.495826721191406,
149,200,47.26457214355469,
150,200,112.77766418457031,
151,200,252.72320556640625,
152,200,366.7431335449219,
153,200,189.86109924316406,
154,200,189.86109924316406,
155,200,183.66012573242188,
156,200,204.6717987060547,
157,200,204.6717987060547,
158,200,204.6717987060547,
159,200,204.6717987060547,
160,200,297.0726318359375,
161,200,435.1683654785156,
162,200,435.1683654785156,
163,200,341.1417236328125,
164,200,259.75799560546875,
165,200,205.8251495361328,
166,200,169.29327392578125,
167,200,147.20785522460938,
168,200,131.20135498046875,
169,200,102.85194396972656,
170,200,84.84762573242188,
171,200,53.59725570678711,
172,200,38.49747085571289,
173,200,39.38983154296875,
174,200,46.771053314208984,
175,200,75.50204467773438,
176,200,144.64834594726562,
177,200,229.65530395507812,
178,200,266.7099914550781,
179,200,293.383544921875,
180,200,314.8038330078125,
181,200,314.8038330078125,
182,200,314.8038330078125,
183,200,314.8038330078125,
184,200,329.5558166503906,
185,200,375.8085632324219,
186,200,375.8085632324219,
187,200,290.05474853515625,
188,200,237.67904663085938,
189,200,205.8251495361328,
190,200,169.29327392578125,
191,200,148.9940185546875,
192,200,139.71417236328125,
193,200,104.04965209960938,
194,200,98.45918273925781,
195,200,61.57119369506836,
196,200,38.404823303222656,
197,200,39.297183990478516,
198,200,46.771053314208984,
199,200,75.50204467773438,
200,200,117.37212371826172,
201,200,229.65530395507812,
202,200,266.7099914550781,
203,200,302.9378967285156,
204,200,314.8038330078125,
205,200,314.8038330078125,
206,200,314.8038330078125,
207,200,314.8038330078125,
208,200,329.5558166503906,
209,200,355.6628723144531,
210,200,375.8085632324219,
211,200,278.2442932128906,
212,200,242.58993530273438,
213,200,166.74484252929688,
214,200,140.67892456054688,
215,200,107.0888900756836,
216,200,131.91416931152344,
217,200,102.85194396972656,
218,200,84.84762573242188,
219,200,53.59725570678711,
220,200,38.49747085571289,
221,200,39.38983154296875,
222,200,46.771053314208984,
223,200,75.50204467773438,
224,200,133.9912872314453,
225,200,229.65530395507812,
226,200,266.7099914550781,
227,200,298.0069885253906,
228,200,314.8038330078125,
229,200,314.8038330078125,
230,200,314.8038330078125,
231,200,314.8038330078125,
232,200,329.5558166503906,
233,200,375.8085632324219,
234,200,375.8085632324219,
235,200,270.6549377441406,
236,200,251.90536499023438,
237,200,172.6058349609375,
238,200,144.62911987304688,
239,200,117.25382995605469,
240,200,56.158939361572266,
241,200,42.678131103515625,
242,200,36.041324615478516,
243,200,35.495826721191406,
244,200,35.495826721191406,
245,200,47.26457214355469,
246,200,122.35696411132812,
247,200,279.2284240722656,
248,200,366.7431335449219,
249,200,193.43870544433594,
250,200,193.43870544433594,
251,200,193.43870544433594,
252,200,205.59959411621094,
253,200,205.59959411621094,
254,200,127.52944946289062,
255,200,205.59959411621094,
256,200,288.88970947265625,
257,200,412.9977722167969,
258,200,412.9977722167969,
259,200,290.3540954589844,
260,200,223.75,
261,200,192.82623291015625,
262,200,154.08560180664062,
263,200,107.0888900756836,
264,200,57.28251266479492,
265,200,42.678131103515625,
266,200,36.041324615478516,
267,200,35.495826721191406,
268,200,35.495826721191406,
269,200,47.26457214355469,
270,200,121.56404876708984,
271,200,274.335205078125,
272,200,344.9814758300781,
273,200,179.71322631835938,
274,200,151.96067810058594,
275,200,85.22146606445312,
276,200,95.9013900756836,
277,200,95.9013900756836,
278,200,87.46175384521484,
279,200,87.46175384521484,
280,200,220.99696350097656,
281,200,243.7305145263672,
282,200,243.7305145263672,
283,200,221.8616943359375,
284,200,163.95919799804688,
285,200,123.06119537353516,
286,200,104.08198547363281,
287,200,71.58002471923828,
288,200,57.67527389526367,
289,200,44.18987274169922,
290,200,36.041324615478516,
291,200,35.495826721191406,
292,200,35.495826721191406,
293,200,47.26457214355469,
294,200,120.40961456298828,
295,200,215.49737548828125,
296,200,249.35665893554688,
297,200,145.42747497558594,
298,200,85.22146606445312,
299,200,183.93038940429688,
300,200,160.46405029296875,
301,200,192.4337615966797,
302,200,205.59959411621094,
303,200,205.59959411621094,
304,200,288.88970947265625,
305,200,341.6234436035156,
306,200,341.6234436035156,
307,200,296.11810302734375,
308,200,230.24220275878906,
309,200,183.96478271484375,
310,200,174.84756469726562,
311,200,119.86377716064453,
312,200,65.73541259765625,
313,200,46.47748947143555,
314,200,36.881202697753906,
315,200,35.495826721191406,
316,200,35.495826721191406,
317,200,47.26457214355469,
318,200,121.67538452148438,
319,200,215.49737548828125,
320,200,344.9814758300781,
321,200,183.061767578125,
322,200,96.5757064819336,
323,200,96.5757064819336,
324,200,98.81599426269531,
325,200,202.02198791503906,
326,200,204.6717987060547,
327,200,204.6717987060547,
328,200,297.0726318359375,
329,200,450.0845947265625,
330,200,450.0845947265625,
331,200,341.1417236328125,
332,200,259.75799560546875,
333,200,211.37193298339844,
334,200,176.97174072265625,
335,200,147.20785522460938,
336,200,131.20135498046875,
337,200,102.85194396972656,
338,200,84.84762573242188,
339,200,53.59725570678711,
340,200,38.49747085571289,
341,200,39.38983154296875,
342,200,47.76775360107422,
343,200,92.1212158203125,
344,200,149.0334014892578,
345,200,226.52584838867188,
346,200,251.6990509033203,
347,200,302.9378967285156,
348,200,298.3524169921875,
349,200,298.3524169921875,
350,200,298.3524169921875,
351,200,298.3524169921875,
352,200,329.5558166503906,
353,200,375.8085632324219,
354,200,375.8085632324219,
355,200,315.14471435546875,
356,200,255.3528594970703,
357,200,211.37193298339844,
358,200,176.74986267089844,
359,200,154.57704162597656,
360,200,139.00135803222656,
361,200,104.04965209960938,
362,200,98.45918273925781,
363,200,61.57119369506836,
364,200,38.404823303222656,
365,200,39.297183990478516,
366,200,47.76775360107422,
367,200,92.1212158203125,
368,200,143.04922485351562,
369,200,226.52584838867188,
370,200,268.15045166015625,
371,200,302.9378967285156,
372,200,314.8038330078125,
373,200,314.8038330078125,
374,200,314.8038330078125,
375,200,314.8038330078125,
376,200,329.5558166503906,
377,200,375.8085632324219,
378,200,375.8085632324219,
379,200,315.14471435546875,
380,200,248.94998168945312,
381,200,194.8543243408203,
382,200,165.44009399414062,
383,200,103.68531799316406,
384,200,59.4951057434082,
385,200,42.678131103515625,
386,200,36.041324615478516,
387,200,35.495826721191406,
388,200,35.495826721191406,
389,200,47.26457214355469,
390,200,121.77287292480469,
391,200,292.7554016113281,
392,200,378.0616455078125,
393,200,179.5812530517578,
394,200,179.5812530517578,
395,200,179.5812530517578,
396,200,201.7572021484375,
397,200,201.7572021484375,
398,200,201.7572021484375,
399,200,202.92147827148438,
400,200,283.03863525390625,
401,200,447.8118591308594,
402,200,447.8118591308594,
403,200,322.0094299316406,
404,200,242.19651794433594,
405,200,201.2360382080078,
406,200,148.0103302001953,
407,200,107.0888900756836,
408,200,57.28251266479492,
409,200,42.678131103515625,
410,200,36.041324615478516,
411,200,35.495826721191406,
412,200,35.495826721191406,
413,200,47.26457214355469,
414,200,122.35696411132812,
415,200,279.2284240722656,
416,200,365.71575927734375,
417,200,186.94650268554688,
418,200,186.94650268554688,
419,200,179.5812530517578,
420,200,201.7572021484375,
421,200,201.7572021484375,
422,200,201.7572021484375,
423,200,201.7572021484375,
424,200,283.03863525390625,
425,200,447.8118591308594,
426,200,436.9443054199219,
427,200,332.8769836425781,
428,200,258.88836669921875,
429,200,192.82623291015625,
430,200,155.22201538085938,
431,200,105.08541107177734,
432,200,57.28251266479492,
433,200,42.678131103515625,
434,200,36.041324615478516,
435,200,35.495826721191406,
436,200,47.26457214355469,
437,200,119.61669921875,
438,200,218.9803924560547,
439,200,262.71563720703125,
440,200,144.02381896972656,
441,200,76.80250549316406,
442,200,85.22146606445312,
443,200,87.46175384521484,
444,200,152.0244140625,
445,200,87.46175384521484,
446,200,87.46175384521484,
447,200,143.5696258544922,
448,200,243.7305145263672,
449,200,243.7305145263672,
450,200,290.3540954589844,
451,200,163.95919799804688,
452,200,150.3780517578125,
453,200,126.05985260009766,
454,200,105.97757720947266,
455,200,57.67527389526367,
456,200,44.18987274169922,
457,200,36.041324615478516,
458,200,35.495826721191406,
459,200,35.495826721191406,
460,200,47.26457214355469,
461,200,121.56404876708984,
462,200,296.09686279296875,
463,200,350.06787109375,
464,200,174.32337951660156,
465,200,180.7455291748047,
466,200,179.5812530517578,
467,200,201.7572021484375,
468,200,201.7572021484375,
469,200,201.7572021484375,
470,200,201.7572021484375,
471,200,294.15802001953125,
472,200,450.0845947265625,
473,200,450.0845947265625,
474,200,341.1417236328125,
475,200,259.75799560546875,
476,200,211.37193298339844,
477,200,175.16876220703125,
478,200,116.51177978515625,
479,200,72.10186004638672,
480,200,47.702938079833984,
481,200,36.881202697753906,
482,200,35.495826721191406,
483,200,35.495826721191406,
484,200,47.26457214355469,
485,200,112.94554138183594,
486,200,274.48486328125,
487,200,369.60589599609375,
488,200,183.66012573242188,
489,200,182.495849609375,
490,200,182.495849609375,
491,200,204.6717987060547,
492,200,204.6717987060547,
493,200,204.6717987060547,
494,200,204.6717987060547,
495,200,297.0726318359375,
496,200,450.0845947265625,
497,200,450.0845947265625,
498,200,341.1417236328125,
499,200,259.75799560546875,
500,200,210.34805297851562,
501,200,176.74986267089844,
502,200,147.20785522460938,
503,200,131.20135498046875,
504,200,102.85194396972656,
505,200,84.84762573242188,
506,200,53.59725570678711,
507,200,38.49747085571289,
508,200,39.38983154296875,
509,200,47.76775360107422,
510,200,92.1212158203125,
511,200,147.73684692382812,
512,200,229.65530395507812,
513,200,268.5787658691406,
514,200,293.383544921875,
515,200,314.8038330078125,
516,200,314.8038330078125,
517,200,314.8038330078125,
518,200,314.8038330078125,
519,200,329.5558166503906,
520,200,375.8085632324219,
521,200,375.8085632324219,
522,200,290.05474853515625,
523,200,250.65936279296875,
524,200,205.8251495361328,
525,200,169.29327392578125,
526,200,148.9940185546875,
527,200,139.71417236328125,
528,200,104.04965209960938,
529,200,98.45918273925781,
530,200,61.57119369506836,
531,200,38.404823303222656,
532,200,39.297183990478516,
533,200,46.771053314208984,
534,200,75.50204467773438,
535,200,117.37212371826172,
536,200,229.65530395507812,
537,200,266.7099914550781,
538,200,291.5147705078125,
539,200,305.2494812011719,
540,200,314.8038330078125,
541,200,314.8038330078125,
542,200,314.8038330078125,
543,200,329.5558166503906,
544,200,355.6628723144531,
545,200,355.6628723144531,
546,200,270.6549377441406,
547,200,242.58993530273438,
548,200,190.25433349609375,
549,200,148.0103302001953,
550,200,105.08541107177734,
551,200,57.28251266479492,
552,200,42.678131103515625,
553,200,36.041324615478516,
554,200,35.495826721191406,
555,200,35.495826721191406,
556,200,47.26457214355469,
557,200,122.55805969238281,
558,200,270.76788330078125,
559,200,332.25799560546875,
560,200,177.4381866455078,
561,200,177.4381866455078,
562,200,186.94650268554688,
563,200,199.10739135742188,
564,200,202.92147827148438,
565,200,202.92147827148438,
566,200,202.92147827148438,
567,200,283.03863525390625,
568,200,436.9443054199219,
569,200,447.8118591308594,
570,200,268.15179443359375,
571,200,223.75,
572,200,161.9027557373047,
573,200,148.0103302001953,
574,200,105.08541107177734,
575,200,57.28251266479492,
576,200,42.678131103515625,
577,200,36.041324615478516,
578,200,35.495826721191406,
579,200,35.495826721191406,
580,200,47.26457214355469,
581,200,123.31002807617188,
582,200,300.9900817871094,
583,200,365.71575927734375,
584,200,179.5812530517578,
585,200,179.5812530517578,
586,200,179.5812530517578,
587,200,201.7572021484375,
588,200,201.7572021484375,
589,200,201.7572021484375,
590,200,201.7572021484375,
591,200,294.15802001953125,
592,200,462.72808837890625,
593,200,462.72808837890625,
594,200,322.0094299316406,
595,200,260.2939147949219,
596,200,205.8251495361328,
597,200,155.22201538085938,
598,200,105.08541107177734,
599,200,57.28251266479492,
600,200,42.678131103515625,
601,200,36.041324615478516,
602,200,35.495826721191406,
603,200,35.495826721191406,
604,200,47.26457214355469,
605,200,122.52484130859375,
606,200,300.9900817871094,
607,200,365.71575927734375,
608,200,180.7455291748047,
609,200,180.7455291748047,
610,200,180.7455291748047,
611,200,145.90675354003906,
612,200,133.70155334472656,
613,200,199.10739135742188,
614,200,199.10739135742188,
615,200,282.3974914550781,
616,200,406.50555419921875,
617,200,406.50555419921875,
618,200,290.3540954589844,
619,200,223.75,
620,200,192.82623291015625,
621,200,145.28158569335938,
622,200,110.95338439941406,
623,200,57.67527389526367,
624,200,44.18987274169922,
625,200,36.041324615478516,
626,200,35.495826721191406,
627,200,35.495826721191406,
628,200,47.26457214355469,
629,200,120.40961456298828,
630,200,279.2284240722656,
631,200,251.80667114257812,
632,200,177.4381866455078,
633,200,93.66110229492188,
634,200,93.66110229492188,
635,200,95.9013900756836,
636,200,160.46405029296875,
637,200,185.94155883789062,
638,200,185.94155883789062,
639,200,282.3974914550781,
640,200,381.23895263671875,
641,200,411.6777038574219,
642,200,308.6581115722656,
643,200,252.83407592773438,
644,200,210.34805297851562,
645,200,155.480224609375,
646,200,116.51177978515625,
647,200,72.10186004638672,
648,200,47.702938079833984,
649,200,36.881202697753906,
650,200,35.495826721191406,
651,200,35.495826721191406,
652,200,47.26457214355469,
653,200,112.94554138183594,
654,200,288.127685546875,
655,200,369.60589599609375,
656,200,183.66012573242188,
657,200,183.66012573242188,
658,200,182.495849609375,
659,200,204.6717987060547,
660,200,204.6717987060547,
661,200,204.6717987060547,
662,200,204.6717987060547,
663,200,297.0726318359375,
664,200,450.0845947265625,
665,200,450.0845947265625,
666,200,341.1417236328125,
667,200,247.47598266601562,
668,200,179.4816436767578,
669,200,150.10858154296875,
670,200,134.8249969482422,
671,200,130.56089782714844,
672,200,102.85194396972656,
673,200,84.84762573242188,
674,200,53.59725570678711,
675,200,38.49747085571289,
676,200,39.38983154296875,
677,200,46.771053314208984,
678,200,101.08833312988281,
679,200,134.40887451171875,
680,200,124.48040008544922,
681,200,129.5102996826172,
682,200,154.3150634765625,
683,200,129.4447021484375,
684,200,118.78504943847656,
685,200,129.4447021484375,
686,200,154.3150634765625,
687,200,139.55421447753906,
688,200,112.51569366455078,
689,200,112.51569366455078,
690,200,252.54576110839844,
691,200,215.5229034423828,
692,200,144.01214599609375,
693,200,150.3955841064453,
694,200,148.9940185546875,
695,200,139.71417236328125,
696,200,104.04965209960938,
697,200,98.45918273925781,
698,200,61.57119369506836,
699,200,38.404823303222656,
700,200,39.297183990478516,
701,200,47.76775360107422,
702,200,92.1212158203125,
703,200,137.07980346679688,
704,200,231.52406311035156,
705,200,268.5787658691406,
706,200,302.9378967285156,
707,200,314.8038330078125,
708,200,314.8038330078125,
709,200,314.8038330078125,
710,200,314.8038330078125,
711,200,329.5558166503906,
712,200,375.8085632324219,
713,200,375.8085632324219,
714,200,315.14471435546875,
715,200,246.43057250976562,
716,200,190.25433349609375,
717,200,148.0103302001953,
718,200,107.0888900756836,
719,200,56.158939361572266,
720,200,42.678131103515625,
721,200,36.041324615478516,
722,200,35.495826721191406,
723,200,35.495826721191406,
724,200,47.26457214355469,
725,200,121.60499572753906,
726,200,270.76788330078125,
727,200,332.25799560546875,
728,200,186.94650268554688,
729,200,180.7455291748047,
730,200,179.5812530517578,
731,200,201.7572021484375,
732,200,201.7572021484375,
733,200,201.7572021484375,
734,200,201.7572021484375,
735,200,294.15802001953125,
736,200,462.72808837890625,
737,200,436.9443054199219,
738,200,322.0094299316406,
739,200,260.2939147949219,
740,200,188.23712158203125,
741,200,148.0103302001953,
742,200,105.08541107177734,
743,200,56.158939361572266,
744,200,42.678131103515625,
745,200,36.041324615478516,
746,200,35.495826721191406,
747,200,35.495826721191406,
748,200,47.26457214355469,
749,200,121.56404876708984,
750,200,300.9900817871094,
751,200,365.71575927734375,
752,200,186.94650268554688,
753,200,180.7455291748047,
754,200,180.7455291748047,
755,200,201.7572021484375,
756,200,201.7572021484375,
757,200,201.7572021484375,
758,200,201.7572021484375,
759,200,294.15802001953125,
760,200,462.72808837890625,
761,200,447.8118591308594,
762,200,332.8769836425781,
763,200,249.93064880371094,
764,200,193.60635375976562,
765,200,154.08560180664062,
766,200,107.0888900756836,
767,200,56.158939361572266,
768,200,42.678131103515625,
769,200,36.041324615478516,
770,200,35.495826721191406,
771,200,35.495826721191406,
772,200,47.26457214355469,
773,200,122.35696411132812,
774,200,300.9900817871094,
775,200,344.9814758300781,
776,200,184.3837890625,
777,200,186.94650268554688,
778,200,186.94650268554688,
779,200,201.7572021484375,
780,200,201.7572021484375,
781,200,201.7572021484375,
782,200,201.7572021484375,
783,200,294.15802001953125,
784,200,447.8118591308594,
785,200,406.50555419921875,
786,200,297.49249267578125,
787,200,260.2939147949219,
788,200,205.8251495361328,
789,200,159.28001403808594,
790,200,108.94990539550781,
791,200,61.82912826538086,
792,200,45.415321350097656,
793,200,36.041324615478516,
794,200,35.495826721191406,
795,200,35.495826721191406,
796,200,47.26457214355469,
797,200,122.52484130859375,
798,200,300.9900817871094,
799,200,366.7431335449219,
800,200,177.4381866455078,
801,200,186.94650268554688,
802,200,186.94650268554688,
803,200,201.7572021484375,
804,200,201.7572021484375,
805,200,201.7572021484375,
806,200,201.7572021484375,
807,200,294.15802001953125,
808,200,450.0845947265625,
809,200,435.1683654785156,
810,200,321.2812194824219,
811,200,249.93064880371094,
812,200,205.8251495361328,
813,200,166.5757598876953,
814,200,119.86377716064453,
815,200,69.88926696777344,
816,200,47.702938079833984,
817,200,36.881202697753906,
818,200,35.495826721191406,
819,200,35.495826721191406,
820,200,47.26457214355469,
821,200,112.77766418457031,
822,200,266.36602783203125,
823,200,344.9814758300781,
824,200,177.23797607421875,
825,200,189.86109924316406,
826,200,177.23797607421875,
827,200,204.6717987060547,
828,200,204.6717987060547,
829,200,204.6717987060547,
830,200,204.6717987060547,
831,200,297.0726318359375,
832,200,450.0845947265625,
833,200,450.0845947265625,
834,200,341.1417236328125,
835,200,259.75799560546875,
836,200,211.37193298339844,
837,200,176.74986267089844,
838,200,153.015380859375,
839,200,129.84808349609375,
840,200,102.85194396972656,
841,200,84.84762573242188,
842,200,53.59725570678711,
843,200,38.49747085571289,
844,200,39.38983154296875,
845,200,47.76775360107422,
846,200,92.1212158203125,
847,200,149.0334014892578,
848,200,231.52406311035156,
849,200,268.15045166015625,
850,200,302.9378967285156,
851,200,314.8038330078125,
852,200,314.8038330078125,
853,200,314.8038330078125,
854,200,314.8038330078125,
855,200,329.5558166503906,
856,200,375.8085632324219,
857,200,375.8085632324219,
858,200,315.14471435546875,
859,200,250.65936279296875,
860,200,205.8251495361328,
861,200,174.6070556640625,
862,200,148.61341857910156,
863,200,139.00135803222656,
864,200,104.04965209960938,
865,200,98.45918273925781,
866,200,61.57119369506836,
867,200,38.404823303222656,
868,200,39.297183990478516,
869,200,47.76775360107422,
870,200,75.50204467773438,
871,200,117.37212371826172,
872,200,229.65530395507812,
873,200,266.7099914550781,
874,200,293.383544921875,
875,200,314.8038330078125,
876,200,314.8038330078125,
877,200,314.8038330078125,
878,200,314.8038330078125,
879,200,329.5558166503906,
880,200,355.6628723144531,
881,200,314.3565673828125,
882,200,270.6549377441406,
883,200,216.2564697265625,
884,200,177.4479217529297,
885,200,145.6547393798828,
886,200,107.0888900756836,
887,200,56.158939361572266,
888,200,42.678131103515625,
889,200,36.041324615478516,
890,200,35.495826721191406,
891,200,35.495826721191406,
892,200,47.26457214355469,
893,200,121.60499572753906,
894,200,270.76788330078125,
895,200,332.25799560546875,
896,200,180.1471710205078,
897,200,139.31802368164062,
898,200,186.94650268554688,
899,200,199.10739135742188,
900,200,201.7572021484375,
901,200,201.7572021484375,
902,200,201.7572021484375,
903,200,294.15802001953125,
904,200,462.72808837890625,
905,200,447.8118591308594,
906,200,332.8769836425781,
907,200,249.93064880371094,
908,200,174.8397216796875,
909,200,148.83016967773438,
910,200,107.0888900756836,
911,200,56.158939361572266,
912,200,42.678131103515625,
913,200,36.041324615478516,
914,200,35.495826721191406,
915,200,35.495826721191406,
916,200,47.26457214355469,
917,200,122.35696411132812,
918,200,279.2284240722656,
919,200,344.9814758300781,
920,200,184.3837890625,
921,200,186.94650268554688,
922,200,180.7455291748047,
923,200,201.7572021484375,
924,200,201.7572021484375,
925,200,201.7572021484375,
926,200,201.7572021484375,
927,200,294.15802001953125,
928,200,462.72808837890625,
929,200,462.72808837890625,
930,200,332.8769836425781,
931,200,242.19651794433594,
932,200,205.8251495361328,
933,200,145.6547393798828,
934,200,107.0888900756836,
935,200,56.158939361572266,
936,200,42.678131103515625,
937,200,36.041324615478516,
938,200,35.495826721191406,
939,200,35.495826721191406,
940,200,47.26457214355469,
941,200,122.35696411132812,
942,200,279.2284240722656,
943,200,344.9814758300781,
944,200,175.94415283203125,
945,200,186.94650268554688,
946,200,186.94650268554688,
947,200,201.7572021484375,
948,200,201.7572021484375,
949,200,201.7572021484375,
950,200,201.7572021484375,
951,200,294.15802001953125,
952,200,447.8118591308594,
953,200,436.9443054199219,
954,200,305.08184814453125,
955,200,242.19651794433594,
956,200,182.46768188476562,
957,200,149.71273803710938,
958,200,110.95338439941406,
959,200,57.67527389526367,
960,200,44.18987274169922,
961,200,36.041324615478516,
962,200,35.495826721191406,
963,200,35.495826721191406,
964,200,47.26457214355469,
965,200,121.56404876708984,
966,200,279.2284240722656,
967,200,344.9814758300781,
968,200,180.1471710205078,
969,200,151.96067810058594,
970,200,186.94650268554688,
971,200,199.10739135742188,
972,200,121.37890625,
973,200,95.9013900756836,
974,200,121.37890625,
975,200,235.24237060546875,
976,200,341.6234436035156,
977,200,366.06060791015625,
978,200,304.3536376953125,
979,200,258.88836669921875,
980,200,210.34805297851562,
981,200,175.16876220703125,
982,200,116.51177978515625,
983,200,129.84808349609375,
984,200,102.85194396972656,
985,200,84.84762573242188,
986,200,53.59725570678711,
987,200,38.49747085571289,
988,200,39.38983154296875,
989,200,47.76775360107422,
990,200,97.37821960449219,
991,200,138.9537811279297,
992,200,226.52584838867188,
993,200,251.6990509033203,
994,200,286.48651123046875,
995,200,298.3524169921875,
996,200,298.3524169921875,
997,200,298.3524169921875,
998,200,314.8038330078125,
999,200,329.5558166503906,
1000,200,375.8085632324219,
1001,200,375.8085632324219,
1002,200,315.14471435546875,
1003,200,270.3341369628906,
1004,200,329.54315185546875,
1005,200,270.44525146484375,
1006,200,167.99664306640625,
1007,200,131.20135498046875,
1008,200,102.85194396972656,
1009,200,84.84762573242188,
1010,200,53.59725570678711,
1011,200,38.49747085571289,
1012,200,39.38983154296875,
1013,200,47.76775360107422,
1014,200,92.1212158203125,
1015,200,147.73684692382812,
1016,200,231.52406311035156,
1017,200,268.5787658691406,
1018,200,302.9378967285156,
1019,200,314.8038330078125,
1020,200,314.8038330078125,
1021,200,314.8038330078125,
1022,200,314.8038330078125,
1023,200,329.5558166503906,
1024,200,375.8085632324219,
1025,200,355.6628723144531,
1026,200,315.14471435546875,
1027,200,255.3528594970703,
1028,200,211.37193298339844,
1029,200,176.74986267089844,
1030,200,147.20785522460938,
1031,200,139.00135803222656,
1032,200,104.04965209960938,
1033,200,98.45918273925781,
1034,200,61.57119369506836,
1035,200,38.404823303222656,
1036,200,39.297183990478516,
1037,200,47.76775360107422,
1038,200,92.1212158203125,
1039,200,137.07980346679688,
1040,200,226.52584838867188,
1041,200,268.15045166015625,
1042,200,302.9378967285156,
1043,200,314.8038330078125,
1044,200,314.8038330078125,
1045,200,298.3524169921875,
1046,200,314.8038330078125,
1047,200,329.5558166503906,
1048,200,375.8085632324219,
1049,200,375.8085632324219,
1050,200,315.14471435546875,
1051,200,248.94998168945312,
1052,200,194.8543243408203,
1053,200,165.44009399414062,
1054,200,103.68531799316406,
1055,200,59.4951057434082,
1056,200,42.678131103515625,
1057,200,36.041324615478516,
1058,200,35.495826721191406,
1059,200,35.495826721191406,
1060,200,47.26457214355469,
1061,200,121.77287292480469,
1062,200,292.529541015625,
1063,200,365.71575927734375,
1064,200,186.94650268554688,
1065,200,180.7455291748047,
1066,200,180.7455291748047,
1067,200,202.92147827148438,
1068,200,201.7572021484375,
1069,200,201.7572021484375,
1070,200,201.7572021484375,
1071,200,294.15802001953125,
1072,200,462.72808837890625,
1073,200,447.8118591308594,
1074,200,352.1999206542969,
1075,200,276.5544128417969,
1076,200,209.41567993164062,
1077,200,166.85833740234375,
1078,200,103.67984771728516,
1079,200,59.4951057434082,
1080,200,42.678131103515625,
1081,200,36.041324615478516,
1082,200,35.495826721191406,
1083,200,35.495826721191406,
1084,200,47.26457214355469,
1085,200,122.35696411132812,
1086,200,300.9900817871094,
1087,200,365.71575927734375,
1088,200,180.7455291748047,
1089,200,180.7455291748047,
1090,200,180.7455291748047,
1091,200,199.10739135742188,
1092,200,140.7168731689453,
1093,200,202.92147827148438,
1094,200,202.92147827148438,
1095,200,279.2245178222656,
1096,200,406.50555419921875,
1097,200,406.50555419921875,
1098,200,305.08184814453125,
1099,200,223.75,
1100,200,192.82623291015625,
1101,200,141.2235870361328,
1102,200,102.11308288574219,
1103,200,56.158939361572266,
1104,200,42.678131103515625,
1105,200,36.041324615478516,
1106,200,35.495826721191406,
1107,200,35.495826721191406,
1108,200,47.26457214355469,
1109,200,122.35696411132812,
1110,200,194.76869201660156,
1111,200,249.35665893554688,
1112,200,140.7959442138672,
1113,200,73.57463073730469,
1114,200,73.57463073730469,
1115,200,75.8149185180664,
1116,200,87.46175384521484,
1117,200,152.0244140625,
1118,200,80.44644927978516,
1119,200,136.5543212890625,
1120,200,344.3310852050781,
1121,200,297.7327880859375,
1122,200,227.60903930664062,
1123,200,161.62086486816406,
1124,200,119.89568328857422,
1125,200,109.05779266357422,
1126,200,76.55583190917969,
1127,200,57.67527389526367,
1128,200,45.415321350097656,
1129,200,36.041324615478516,
1130,200,35.495826721191406,
1131,200,35.495826721191406,
1132,200,47.26457214355469,
1133,200,131.64511108398438,
1134,200,237.2590789794922,
1135,200,295.2163391113281,
1136,200,180.7455291748047,
1137,200,180.7455291748047,
1138,200,128.64695739746094,
1139,200,201.7572021484375,
1140,200,201.7572021484375,
1141,200,201.7572021484375,
1142,200,201.7572021484375,
1143,200,294.15802001953125,
1144,200,450.0845947265625,
1145,200,450.0845947265625,
1146,200,341.1417236328125,
1147,200,259.75799560546875,
1148,200,211.37193298339844,
1149,200,175.16876220703125,
1150,200,117.7876205444336,
1151,200,72.10186004638672,
1152,200,47.702938079833984,
1153,200,36.881202697753906,
1154,200,35.495826721191406,
1155,200,35.495826721191406,
1156,200,47.26457214355469,
1157,200,112.77766418457031,
1158,200,274.7107238769531,
1159,200,378.0616455078125,
1160,200,182.495849609375,
1161,200,182.495849609375,
1162,200,182.495849609375,
1163,200,204.6717987060547,
1164,200,204.6717987060547,
1165,200,204.6717987060547,
1166,200,204.6717987060547,
1167,200,297.0726318359375,
1168,200,450.0845947265625,
1169,200,450.0845947265625,
1170,200,341.1417236328125,
1171,200,259.75799560546875,
1172,200,211.37193298339844,
1173,200,176.74986267089844,
1174,200,147.20785522460938,
1175,200,131.20135498046875,
1176,200,102.85194396972656,
1177,200,84.84762573242188,
1178,200,53.59725570678711,
1179,200,38.49747085571289,
1180,200,39.38983154296875,
1181,200,47.76775360107422,
1182,200,92.1212158203125,
1183,200,149.0334014892578,
1184,200,226.52584838867188,
1185,200,268.15045166015625,
1186,200,302.9378967285156,
1187,200,314.8038330078125,
1188,200,314.8038330078125,
1189,200,314.8038330078125,
1190,200,314.8038330078125,
1191,200,329.5558166503906,
1192,200,375.8085632324219,
1193,200,375.8085632324219,
1194,200,278.2442932128906,
1195,200,249.25379943847656,
1196,200,197.34913635253906,
1197,200,176.97174072265625,
1198,200,147.20785522460938,
1199,200,139.00135803222656,
1200,200,104.04965209960938,
1201,200,98.45918273925781,
1202,200,61.57119369506836,
1203,200,38.404823303222656,
1204,200,39.297183990478516,
1205,200,47.76775360107422,
1206,200,92.1212158203125,
1207,200,137.07980346679688,
1208,200,229.65530395507812,
1209,200,266.7099914550781,
1210,200,293.383544921875,
1211,200,305.2494812011719,
1212,200,305.2494812011719,
1213,200,305.2494812011719,
1214,200,301.43536376953125,
1215,200,313.20697021484375,
1216,200,355.6628723144531,
1217,200,355.6628723144531,
1218,200,278.2442932128906,
1219,200,247.8361358642578,
1220,200,182.52706909179688,
1221,200,109.05779266357422,
1222,200,76.55583190917969,
1223,200,56.158939361572266,
1224,200,42.678131103515625,
1225,200,36.041324615478516,
1226,200,35.495826721191406,
1227,200,35.495826721191406,
1228,200,47.26457214355469,
1229,200,121.60499572753906,
1230,200,270.76788330078125,
1231,200,332.25799560546875,
1232,200,180.1471710205078,
1233,200,177.4381866455078,
1234,200,177.4381866455078,
1235,200,199.10739135742188,
1236,200,199.10739135742188,
1237,200,185.94155883789062,
1238,200,87.46175384521484,
1239,200,143.5696258544922,
1240,200,189.3819580078125,
1241,200,330.5774230957031,
1242,200,221.8616943359375,
1243,200,194.9024200439453,
1244,200,119.89568328857422,
1245,200,109.05779266357422,
1246,200,76.55583190917969,
1247,200,56.158939361572266,
1248,200,42.678131103515625,
1249,200,36.041324615478516,
1250,200,35.495826721191406,
1251,200,35.495826721191406,
1252,200,47.26457214355469,
1253,200,123.31002807617188,
1254,200,197.2187042236328,
1255,200,251.80667114257812,
1256,200,140.7959442138672,
1257,200,73.57463073730469,
1258,200,85.22146606445312,
1259,200,75.8149185180664,
1260,200,75.8149185180664,
1261,200,75.8149185180664,
1262,200,75.8149185180664,
1263,200,136.5543212890625,
1264,200,243.7305145263672,
1265,200,243.7305145263672,
1266,200,221.8616943359375,
1267,200,199.571044921875,
1268,200,149.04554748535156,
1269,200,126.77396392822266,
1270,200,102.11308288574219,
1271,200,56.158939361572266,
1272,200,42.678131103515625,
1273,200,36.041324615478516,
1274,200,35.495826721191406,
1275,200,35.495826721191406,
1276,200,47.26457214355469,
1277,200,122.35696411132812,
1278,200,279.2284240722656,
1279,200,344.9814758300781,
1280,200,180.1471710205078,
1281,200,143.5210418701172,
1282,200,174.32337951660156,
1283,200,201.7572021484375,
1284,200,201.7572021484375,
1285,200,201.7572021484375,
1286,200,201.7572021484375,
1287,200,283.03863525390625,
1288,200,383.19775390625,
1289,200,447.8118591308594,
1290,200,332.8769836425781,
1291,200,258.88836669921875,
1292,200,210.34805297851562,
1293,200,175.49514770507812,
1294,200,107.54434204101562,
1295,200,131.20135498046875,
1296,200,102.85194396972656,
1297,200,84.84762573242188,
1298,200,53.59725570678711,
1299,200,38.49747085571289,
1300,200,39.38983154296875,
1301,200,47.76775360107422,
1302,200,92.1212158203125,
1303,200,149.0334014892578,
1304,200,231.52406311035156,
1305,200,268.5787658691406,
1306,200,302.9378967285156,
1307,200,314.8038330078125,
1308,200,314.8038330078125,
1309,200,314.8038330078125,
1310,200,314.8038330078125,
1311,200,329.5558166503906,
1312,200,375.8085632324219,
1313,200,375.8085632324219,
1314,200,315.14471435546875,
1315,200,237.67904663085938,
1316,200,284.27276611328125,
1317,200,183.12387084960938,
1318,200,124.6767578125,
1319,200,69.88926696777344,
1320,200,47.702938079833984,
1321,200,36.881202697753906,
1322,200,35.495826721191406,
1323,200,35.495826721191406,
1324,200,47.26457214355469,
1325,200,113.73072814941406,
1326,200,274.48486328125,
1327,200,366.7431335449219,
1328,200,189.86109924316406,
1329,200,189.86109924316406,
1330,200,189.86109924316406,
1331,200,204.6717987060547,
1332,200,204.6717987060547,
1333,200,204.6717987060547,
1334,200,204.6717987060547,
1335,200,297.0726318359375,
1336,200,450.0845947265625,
1337,200,450.0845947265625,
1338,200,321.2812194824219,
1339,200,258.88836669921875,
1340,200,205.8251495361328,
1341,200,169.29327392578125,
1342,200,148.61341857910156,
1343,200,131.20135498046875,
1344,200,102.85194396972656,
1345,200,84.84762573242188,
1346,200,53.59725570678711,
1347,200,38.49747085571289,
1348,200,39.38983154296875,
1349,200,47.76775360107422,
1350,200,75.50204467773438,
1351,200,147.73684692382812,
1352,200,229.65530395507812,
1353,200,255.20004272460938,
1354,200,293.383544921875,
1355,200,314.8038330078125,
1356,200,314.8038330078125,
1357,200,314.8038330078125,
1358,200,314.8038330078125,
1359,200,329.5558166503906,
1360,200,375.8085632324219,
1361,200,355.6628723144531,
1362,200,278.2442932128906,
1363,200,249.25379943847656,
1364,200,187.05746459960938,
1365,200,169.29327392578125,
1366,200,148.9940185546875,
1367,200,139.71417236328125,
1368,200,104.04965209960938,
1369,200,98.45918273925781,
1370,200,61.57119369506836,
1371,200,38.404823303222656,
1372,200,39.297183990478516,
1373,200,47.76775360107422,
1374,200,75.50204467773438,
1375,200,124.28923797607422,
1376,200,229.65530395507812,
1377,200,266.7099914550781,
1378,200,293.383544921875,
1379,200,305.2494812011719,
1380,200,305.2494812011719,
1381,200,298.3524169921875,
1382,200,314.8038330078125,
1383,200,329.5558166503906,
1384,200,355.6628723144531,
1385,200,355.6628723144531,
1386,200,290.05474853515625,
1387,200,246.43057250976562,
1388,200,190.25433349609375,
1389,200,148.0103302001953,
1390,200,105.08541107177734,
1391,200,57.28251266479492,
1392,200,42.678131103515625,
1393,200,35.495826721191406,
1394,200,35.495826721191406,
1395,200,47.26457214355469,
1396,200,121.60499572753906,
1397,200,270.76788330078125,
1398,200,332.25799560546875,
1399,200,188.58680725097656,
1400,200,186.94650268554688,
1401,200,186.94650268554688,
1402,200,202.92147827148438,
1403,200,202.92147827148438,
1404,200,202.92147827148438,
1405,200,202.92147827148438,
1406,200,283.03863525390625,
1407,200,447.8118591308594,
1408,200,447.8118591308594,
1409,200,305.08184814453125,
1410,200,249.93064880371094,
1411,200,188.23712158203125,
1412,200,148.83016967773438,
1413,200,107.0888900756836,
1414,200,57.28251266479492,
1415,200,42.678131103515625,
1416,200,36.041324615478516,
1417,200,35.495826721191406,
1418,200,35.495826721191406,
1419,200,47.26457214355469,
1420,200,121.56404876708984,
1421,200,300.9900817871094,
1422,200,365.71575927734375,
1423,200,138.63397216796875,
1424,200,108.03881072998047,
1425,200,93.66110229492188,
1426,200,104.52030944824219,
1427,200,134.54476928710938,
1428,200,87.46175384521484,
1429,200,95.9013900756836,
1430,200,199.97940063476562,
1431,200,333.51312255859375,
1432,200,367.8861389160156,
1433,200,279.5361328125,
1434,200,223.75,
1435,200,145.8800506591797,
1436,200,149.31349182128906,
1437,200,105.08541107177734,
1438,200,59.4951057434082,
1439,200,42.678131103515625,
1440,200,36.041324615478516,
1441,200,35.495826721191406,
1442,200,35.495826721191406,
1443,200,47.26457214355469,
1444,200,123.31002807617188,
1445,200,300.9900817871094,
1446,200,366.7431335449219,
1447,200,186.94650268554688,
1448,200,186.94650268554688,
1449,200,179.5812530517578,
1450,200,201.7572021484375,
1451,200,201.7572021484375,
1452,200,201.7572021484375,
1453,200,201.7572021484375,
1454,200,294.15802001953125,
1455,200,462.72808837890625,
1456,200,462.72808837890625,
1457,200,332.8769836425781,
1458,200,258.88836669921875,
1459,200,211.37193298339844,
1460,200,175.49514770507812,
1461,200,110.436767578125,
1462,200,64.04171752929688,
1463,200,45.415321350097656,
1464,200,36.041324615478516,
1465,200,35.495826721191406,
1466,200,35.495826721191406,
1467,200,47.26457214355469,
1468,200,122.52484130859375,
1469,200,296.09686279296875,
1470,200,369.60589599609375,
1471,200,179.5812530517578,
1472,200,179.5812530517578,
1473,200,179.5812530517578,
1474,200,201.7572021484375,
1475,200,201.7572021484375,
1476,200,201.7572021484375,
1477,200,201.7572021484375,
1478,200,294.15802001953125,
1479,200,450.0845947265625,
1480,200,450.0845947265625,
1481,200,341.1417236328125,
1482,200,259.75799560546875,
1483,200,210.34805297851562,
1484,200,175.39064025878906,
1485,200,117.91734313964844,
1486,200,69.88926696777344,
1487,200,47.702938079833984,
1488,200,36.881202697753906,
1489,200,35.495826721191406,
1490,200,35.495826721191406,
1491,200,47.26457214355469,
1492,200,112.77766418457031,
1493,200,252.72320556640625,
1494,200,344.9814758300781,
1495,200,176.14976501464844,
1496,200,189.86109924316406,
1497,200,189.86109924316406,
1498,200,205.83607482910156,
1499,200,204.6717987060547,
1500,200,204.6717987060547,
1501,200,204.6717987060547,
1502,200,297.0726318359375,
1503,200,450.0845947265625,
1504,200,450.0845947265625,
1505,200,341.1417236328125,
1506,200,259.75799560546875,
1507,200,211.37193298339844,
1508,200,176.74986267089844,
1509,200,149.88319396972656,
1510,200,129.84808349609375,
1511,200,102.85194396972656,
1512,200,84.84762573242188,
1513,200,53.59725570678711,
1514,200,38.49747085571289,
1515,200,39.38983154296875,
1516,200,47.76775360107422,
1517,200,92.1212158203125,
1518,200,147.73684692382812,
1519,200,229.65530395507812,
1520,200,268.5787658691406,
1521,200,293.383544921875,
1522,200,314.8038330078125,
1523,200,314.8038330078125,
1524,200,314.8038330078125,
1525,200,314.8038330078125,
1526,200,329.5558166503906,
1527,200,355.6628723144531,
1528,200,375.8085632324219,
1529,200,300.92230224609375,
1530,200,249.25379943847656,
1531,200,197.34913635253906,
1532,200,176.97174072265625,
1533,200,148.61341857910156,
1534,200,139.00135803222656,
1535,200,104.04965209960938,
1536,200,98.45918273925781,
1537,200,61.57119369506836,
1538,200,38.404823303222656,
1539,200,39.297183990478516,
1540,200,46.771053314208984,
1541,200,75.50204467773438,
1542,200,117.37212371826172,
1543,200,218.14535522460938,
1544,200,255.20004272460938,
1545,200,280.00482177734375,
1546,200,286.26788330078125,
1547,200,301.43536376953125,
1548,200,305.2494812011719,
1549,200,305.2494812011719,
1550,200,313.20697021484375,
1551,200,314.3565673828125,
1552,200,314.3565673828125,
1553,200,270.6549377441406,
1554,200,234.85581970214844,
1555,200,166.74484252929688,
1556,200,141.2235870361328,
1557,200,107.0888900756836,
1558,200,56.158939361572266,
1559,200,42.678131103515625,
1560,200,36.041324615478516,
1561,200,35.495826721191406,
1562,200,35.495826721191406,
1563,200,47.26457214355469,
1564,200,121.60499572753906,
1565,200,270.76788330078125,
1566,200,332.25799560546875,
1567,200,188.58680725097656,
1568,200,151.96067810058594,
1569,200,151.96067810058594,
1570,200,199.10739135742188,
1571,200,199.10739135742188,
1572,200,199.10739135742188,
1573,200,199.10739135742188,
1574,200,283.03863525390625,
1575,200,406.50555419921875,
1576,200,406.50555419921875,
1577,200,297.49249267578125,
1578,200,223.75,
1579,200,166.05694580078125,
1580,200,141.2235870361328,
1581,200,107.0888900756836,
1582,200,57.28251266479492,
1583,200,42.678131103515625,
1584,200,36.041324615478516,
1585,200,35.495826721191406,
1586,200,35.495826721191406,
1587,200,47.26457214355469,
1588,200,121.56404876708984,
1589,200,279.2284240722656,
1590,200,344.9814758300781,
1591,200,180.1471710205078,
1592,200,85.22146606445312,
1593,200,85.22146606445312,
1594,200,87.46175384521484,
1595,200,87.46175384521484,
1596,200,87.46175384521484,
1597,200,87.46175384521484,
1598,200,112.60713195800781,
1599,200,264.2484130859375,
1600,200,226.02479553222656,
1601,200,159.81509399414062,
1602,200,109.1738052368164,
1603,200,149.04554748535156,
1604,200,104.08198547363281,
1605,200,71.58002471923828,
1606,200,56.158939361572266,
1607,200,42.678131103515625,
1608,200,36.041324615478516,
1609,200,35.495826721191406,
1610,200,35.495826721191406,
1611,200,47.26457214355469,
1612,200,119.61669921875,
1613,200,190.20338439941406,
1614,200,249.35665893554688,
1615,200,152.44277954101562,
1616,200,73.57463073730469,
1617,200,73.57463073730469,
1618,200,87.46175384521484,
1619,200,87.46175384521484,
1620,200,87.46175384521484,
1621,200,87.46175384521484,
1622,200,143.5696258544922,
1623,200,189.3819580078125,
1624,200,189.3819580078125,
1625,200,208.07582092285156,
1626,200,143.50140380859375,
1627,200,100.4839859008789,
1628,200,100.30573272705078,
1629,200,105.97757720947266,
1630,200,57.67527389526367,
1631,200,45.415321350097656,
1632,200,36.041324615478516,
1633,200,35.495826721191406,
1634,200,35.495826721191406,
1635,200,47.26457214355469,
1636,200,122.52484130859375,
1637,200,300.9900817871094,
1638,200,378.0616455078125,
1639,200,179.5812530517578,
1640,200,179.5812530517578,
1641,200,179.5812530517578,
1642,200,201.7572021484375,
1643,200,201.7572021484375,
1644,200,201.7572021484375,
1645,200,201.7572021484375,
1646,200,294.15802001953125,
1647,200,450.0845947265625,
1648,200,450.0845947265625,
1649,200,332.1487731933594,
1650,200,258.88836669921875,
1651,200,210.34805297851562,
1652,200,173.0259552001953,
1653,200,117.91734313964844,
1654,200,72.10186004638672,
1655,200,47.702938079833984,
1656,200,36.881202697753906,
1657,200,35.495826721191406,
1658,200,35.495826721191406,
1659,200,47.26457214355469,
1660,200,112.77766418457031,
1661,200,274.48486328125,
1662,200,366.7431335449219,
1663,200,176.14976501464844,
1664,200,189.86109924316406,
1665,200,189.86109924316406,
1666,200,205.83607482910156,
1667,200,204.6717987060547,
1668,200,204.6717987060547,
1669,200,204.6717987060547,
1670,200,285.9532470703125,
1671,200,424.3008117675781,
1672,200,435.1683654785156,
1673,200,332.1487731933594,
1674,200,223.75,
1675,200,205.8251495361328,
1676,200,164.30055236816406,
1677,200,148.9940185546875,
1678,200,131.91416931152344,
1679,200,102.85194396972656,
1680,200,84.84762573242188,
1681,200,53.59725570678711,
1682,200,38.49747085571289,
1683,200,39.38983154296875,
1684,200,47.76775360107422,
1685,200,92.1212158203125,
1686,200,149.0334014892578,
1687,200,231.52406311035156,
1688,200,268.5787658691406,
1689,200,302.9378967285156,
1690,200,314.8038330078125,
1691,200,314.8038330078125,
1692,200,314.8038330078125,
1693,200,314.8038330078125,
1694,200,329.5558166503906,
1695,200,375.8085632324219,
1696,200,375.8085632324219,
1697,200,315.14471435546875,
1698,200,255.3528594970703,
1699,200,211.37193298339844,
1700,200,176.74986267089844,
1701,200,154.57704162597656,
1702,200,139.00135803222656,
1703,200,104.04965209960938,
1704,200,98.45918273925781,
1705,200,61.57119369506836,
1706,200,38.404823303222656,
1707,200,39.297183990478516,
1708,200,47.76775360107422,
1709,200,97.37821960449219,
1710,200,137.07980346679688,
1711,200,231.52406311035156,
1712,200,268.15045166015625,
1713,200,302.9378967285156,
1714,200,314.8038330078125,
1715,200,314.8038330078125,
1716,200,314.8038330078125,
1717,200,314.8038330078125,
1718,200,329.5558166503906,
1719,200,375.8085632324219,
1720,200,375.8085632324219,
1721,200,315.14471435546875,
1722,200,248.94998168945312,
1723,200,194.8543243408203,
1724,200,165.44009399414062,
1725,200,105.08541107177734,
1726,200,57.28251266479492,
1727,200,42.678131103515625,
1728,200,36.041324615478516,
1729,200,35.495826721191406,
1730,200,35.495826721191406,
1731,200,47.26457214355469,
1732,200,122.55805969238281,
1733,200,270.76788330078125,
1734,200,354.0196533203125,
1735,200,186.94650268554688,
1736,200,186.94650268554688,
1737,200,180.7455291748047,
1738,200,201.7572021484375,
1739,200,201.7572021484375,
1740,200,201.7572021484375,
1741,200,202.92147827148438,
1742,200,283.03863525390625,
1743,200,447.8118591308594,
1744,200,447.8118591308594,
1745,200,332.8769836425781,
1746,200,258.88836669921875,
1747,200,190.97349548339844,
1748,200,148.0103302001953,
1749,200,105.08541107177734,
1750,200,57.28251266479492,
1751,200,42.678131103515625,
1752,200,36.041324615478516,
1753,200,35.495826721191406,
1754,200,35.495826721191406,
1755,200,47.26457214355469,
1756,200,122.35696411132812,
1757,200,300.9900817871094,
1758,200,365.71575927734375,
1759,200,180.7455291748047,
1760,200,179.5812530517578,
1761,200,179.5812530517578,
1762,200,201.7572021484375,
1763,200,201.7572021484375,
1764,200,201.7572021484375,
1765,200,201.7572021484375,
1766,200,294.15802001953125,
1767,200,462.72808837890625,
1768,200,462.72808837890625,
1769,200,341.86993408203125,
1770,200,259.75799560546875,
1771,200,211.37193298339844,
1772,200,172.90586853027344,
1773,200,105.08541107177734,
1774,200,57.28251266479492,
1775,200,42.678131103515625,
1776,200,36.041324615478516,
1777,200,35.495826721191406,
1778,200,35.495826721191406,
1779,200,47.26457214355469,
1780,200,122.35696411132812,
1781,200,300.9900817871094,
1782,200,344.9814758300781,
1783,200,180.7455291748047,
1784,200,180.7455291748047,
1785,200,179.5812530517578,
1786,200,202.92147827148438,
1787,200,202.92147827148438,
1788,200,201.7572021484375,
1789,200,201.7572021484375,
1790,200,294.15802001953125,
1791,200,447.8118591308594,
1792,200,447.8118591308594,
1793,200,332.8769836425781,
1794,200,260.2939147949219,
1795,200,192.82623291015625,
1796,200,159.28001403808594,
1797,200,108.94990539550781,
1798,200,61.82912826538086,
1799,200,45.415321350097656,
1800,200,36.041324615478516,
1801,200,35.495826721191406,
1802,200,35.495826721191406,
1803,200,47.26457214355469,
1804,200,122.52484130859375,
1805,200,300.9900817871094,
1806,200,365.71575927734375,
1807,200,180.7455291748047,
1808,200,180.7455291748047,
1809,200,180.7455291748047,
1810,200,202.92147827148438,
1811,200,201.7572021484375,
1812,200,201.7572021484375,
1813,200,145.90675354003906,
1814,200,261.37994384765625,
1815,200,435.1683654785156,
1816,200,435.1683654785156,
1817,200,332.1487731933594,
1818,200,258.88836669921875,
1819,200,199.64747619628906,
1820,200,168.25384521484375,
1821,200,116.51177978515625,
1822,200,69.88926696777344,
1823,200,47.702938079833984,
1824,200,36.881202697753906,
1825,200,35.495826721191406,
1826,200,35.495826721191406,
1827,200,47.26457214355469,
1828,200,112.94554138183594,
1829,200,288.3535461425781,
1830,200,378.0616455078125,
1831,200,182.495849609375,
1832,200,182.495849609375,
1833,200,182.495849609375,
1834,200,204.6717987060547,
1835,200,204.6717987060547,
1836,200,204.6717987060547,
1837,200,204.6717987060547,
1838,200,297.0726318359375,
1839,200,450.0845947265625,
1840,200,450.0845947265625,
1841,200,341.1417236328125,
1842,200,259.75799560546875,
1843,200,198.37301635742188,
1844,200,176.74986267089844,
1845,200,153.015380859375,
1846,200,129.84808349609375,
1847,200,102.85194396972656,
1848,200,84.84762573242188,
1849,200,53.59725570678711,
1850,200,38.49747085571289,
1851,200,39.38983154296875,
1852,200,47.76775360107422,
1853,200,92.1212158203125,
1854,200,149.0334014892578,
1855,200,231.52406311035156,
1856,200,268.15045166015625,
1857,200,302.9378967285156,
1858,200,314.8038330078125,
1859,200,314.8038330078125,
1860,200,314.8038330078125,
1861,200,314.8038330078125,
1862,200,329.5558166503906,
1863,200,375.8085632324219,
1864,200,375.8085632324219,
1865,200,253.5744171142578,
1866,200,250.65936279296875,
1867,200,205.8251495361328,
1868,200,169.29327392578125,
1869,200,148.61341857910156,
1870,200,139.00135803222656,
1871,200,104.04965209960938,
1872,200,98.45918273925781,
1873,200,61.57119369506836,
1874,200,38.404823303222656,
1875,200,39.297183990478516,
1876,200,47.76775360107422,
1877,200,92.1212158203125,
1878,200,137.07980346679688,
1879,200,231.52406311035156,
1880,200,268.5787658691406,
1881,200,293.383544921875,
1882,200,305.2494812011719,
1883,200,314.8038330078125,
1884,200,314.8038330078125,
1885,200,314.8038330078125,
1886,200,329.5558166503906,
1887,200,375.8085632324219,
1888,200,375.8085632324219,
1889,200,315.14471435546875,
1890,200,246.43057250976562,
1891,200,188.84877014160156,
1892,200,148.0103302001953,
1893,200,105.08541107177734,
1894,200,57.28251266479492,
1895,200,42.678131103515625,
1896,200,36.041324615478516,
1897,200,35.495826721191406,
1898,200,35.495826721191406,
1899,200,47.26457214355469,
1900,200,122.55805969238281,
1901,200,292.529541015625,
1902,200,365.71575927734375,
1903,200,186.94650268554688,
1904,200,186.94650268554688,
1905,200,180.7455291748047,
1906,200,202.92147827148438,
1907,200,201.7572021484375,
1908,200,201.7572021484375,
1909,200,201.7572021484375,
1910,200,294.15802001953125,
1911,200,462.72808837890625,
1912,200,462.72808837890625,
1913,200,341.86993408203125,
1914,200,259.75799560546875,
1915,200,196.41676330566406,
1916,200,166.85833740234375,
1917,200,103.68531799316406,
1918,200,59.4951057434082,
1919,200,42.678131103515625,
1920,200,36.041324615478516,
1921,200,35.495826721191406,
1922,200,35.495826721191406,
1923,200,47.26457214355469,
1924,200,122.35696411132812,
1925,200,300.9900817871094,
1926,200,378.0616455078125,
1927,200,186.94650268554688,
1928,200,180.7455291748047,
1929,200,180.7455291748047,
1930,200,201.7572021484375,
1931,200,201.7572021484375,
1932,200,202.92147827148438,
1933,200,201.7572021484375,
1934,200,294.15802001953125,
1935,200,447.8118591308594,
1936,200,436.9443054199219,
1937,200,322.0094299316406,
1938,200,260.2939147949219,
1939,200,205.8251495361328,
1940,200,155.22201538085938,
1941,200,103.67984771728516,
1942,200,57.28251266479492,
1943,200,42.678131103515625,
1944,200,36.041324615478516,
1945,200,35.495826721191406,
1946,200,35.495826721191406,
1947,200,47.26457214355469,
1948,200,122.35696411132812,
1949,200,279.2284240722656,
1950,200,249.50128173828125,
1951,200,182.84942626953125,
1952,200,166.79925537109375,
1953,200,166.79925537109375,
1954,200,88.7043228149414,
1955,200,84.23672485351562,
1956,200,154.72666931152344,
1957,200,154.72666931152344,
1958,200,93.25721740722656,
1959,200,189.3819580078125,
1960,200,233.3863067626953,
1961,200,219.9661407470703,
1962,200,175.9700927734375,
1963,200,146.27191162109375,
1964,200,131.5685272216797,
1965,200,106.7141342163086,
1966,200,61.82912826538086,
1967,200,44.18987274169922,
1968,200,36.041324615478516,
1969,200,35.495826721191406,
1970,200,35.495826721191406,
1971,200,47.26457214355469,
1972,200,122.35696411132812,
1973,200,279.2284240722656,
1974,200,344.9814758300781,
1975,200,182.84942626953125,
1976,200,171.7008056640625,
1977,200,184.4341583251953,
1978,200,201.7572021484375,
1979,200,202.92147827148438,
1980,200,202.92147827148438,
1981,200,202.92147827148438,
1982,200,283.03863525390625,
1983,200,421.7884521484375,
1984,200,435.1683654785156,
1985,200,332.1487731933594,
1986,200,231.65135192871094,
1987,200,175.50961303710938,
1988,200,115.52101135253906,
1989,200,71.45345306396484,
1990,200,65.73541259765625,
1991,200,46.47748947143555,
1992,200,36.881202697753906,
1993,200,35.495826721191406,
1994,200,35.495826721191406,
1995,200,47.26457214355469,
1996,200,111.98474884033203,
1997,200,288.127685546875,
1998,200,365.71575927734375,
1999,200,187.3487548828125,
2000,200,183.66012573242188,
2001,200,183.66012573242188,
2002,200,204.6717987060547,
2003,200,204.6717987060547,
2004,200,204.6717987060547,
2005,200,204.6717987060547,
2006,200,297.0726318359375,
2007,200,450.0845947265625,
2008,200,450.0845947265625,
2009,200,341.1417236328125,
2010,200,258.88836669921875,
2011,200,210.34805297851562,
2012,200,165.0540313720703,
2013,200,144.37417602539062,
2014,200,123.45079803466797,
2015,200,97.95851135253906,
2016,200,79.95420837402344,
2017,200,53.59725570678711,
2018,200,38.49747085571289,
2019,200,39.38983154296875,
2020,200,47.76775360107422,
2021,200,92.1212158203125,
2022,200,147.73684692382812,
2023,200,226.52584838867188,
2024,200,251.6990509033203,
2025,200,302.9378967285156,
2026,200,314.8038330078125,
2027,200,314.8038330078125,
2028,200,314.8038330078125,
2029,200,314.8038330078125,
2030,200,329.5558166503906,
2031,200,375.8085632324219,
2032,200,375.8085632324219,
2033,200,315.14471435546875,
2034,200,249.25379943847656,
2035,200,210.34805297851562,
2036,200,176.74986267089844,
2037,200,147.20785522460938,
2038,200,123.45079803466797,
2039,200,99.15621948242188,
2040,200,90.01290893554688,
2041,200,58.018333435058594,
2042,200,39.297183990478516,
2043,200,47.76775360107422,
2044,200,92.1212158203125,
2045,200,133.9912872314453,
2046,200,179.491455078125,
2047,200,249.46266174316406,
2048,200,289.0024108886719,
2049,200,298.9230041503906,
2050,200,298.9230041503906,
2051,200,305.2494812011719,
2052,200,305.2494812011719,
2053,200,313.20697021484375,
2054,200,355.6628723144531,
2055,200,342.282958984375,
2056,200,300.92230224609375,
2057,200,248.94998168945312,
2058,200,197.41009521484375,
2059,200,166.85833740234375,
2060,200,103.67984771728516,
2061,200,123.45079803466797,
2062,200,97.95851135253906,
2063,200,79.95420837402344,
2064,200,38.49747085571289,
2065,200,39.38983154296875,
2066,200,47.76775360107422,
2067,200,97.37821960449219,
2068,200,132.9696044921875,
2069,200,226.52584838867188,
2070,200,251.6990509033203,
2071,200,286.48651123046875,
2072,200,298.3524169921875,
2073,200,314.8038330078125,
2074,200,314.8038330078125,
2075,200,314.8038330078125,
2076,200,329.5558166503906,
2077,200,375.8085632324219,
2078,200,375.8085632324219,
2079,200,300.92230224609375,
2080,200,264.2350769042969,
2081,200,279.1275329589844,
2082,200,164.54458618164062,
2083,200,114.56977081298828,
2084,200,57.28251266479492,
2085,200,42.678131103515625,
2086,200,36.041324615478516,
2087,200,35.495826721191406,
2088,200,35.495826721191406,
2089,200,47.26457214355469,
2090,200,122.52484130859375,
2091,200,300.9900817871094,
2092,200,369.60589599609375,
2093,200,158.43447875976562,
2094,200,184.4341583251953,
2095,200,127.83931732177734,
2096,200,112.71471405029297,
2097,200,88.7043228149414,
2098,200,114.18184661865234,
2099,200,114.18184661865234,
2100,200,167.19882202148438,
2101,200,326.6053771972656,
2102,200,334.55755615234375,
2103,200,287.84173583984375,
2104,200,201.03073120117188,
2105,200,170.09349060058594,
2106,200,136.98434448242188,
2107,200,101.84587097167969,
2108,200,56.158939361572266,
2109,200,42.678131103515625,
2110,200,36.041324615478516,
2111,200,35.495826721191406,
2112,200,47.26457214355469,
2113,200,122.52484130859375,
2114,200,300.9900817871094,
2115,200,369.60589599609375,
2116,200,180.7455291748047,
2117,200,180.7455291748047,
2118,200,179.5812530517578,
2119,200,201.7572021484375,
2120,200,201.7572021484375,
2121,200,201.7572021484375,
2122,200,201.7572021484375,
2123,200,294.15802001953125,
2124,200,462.72808837890625,
2125,200,462.72808837890625,
2126,200,341.86993408203125,
2127,200,259.75799560546875,
2128,200,211.37193298339844,
2129,200,175.2732696533203,
2130,200,112.7391357421875,
2131,200,64.04171752929688,
2132,200,45.415321350097656,
2133,200,36.041324615478516,
2134,200,35.495826721191406,
2135,200,35.495826721191406,
2136,200,47.26457214355469,
2137,200,122.35696411132812,
2138,200,300.9900817871094,
2139,200,369.60589599609375,
2140,200,180.7455291748047,
2141,200,180.7455291748047,
2142,200,180.7455291748047,
2143,200,202.92147827148438,
2144,200,201.7572021484375,
2145,200,201.7572021484375,
2146,200,201.7572021484375,
2147,200,294.15802001953125,
2148,200,435.1683654785156,
2149,200,435.1683654785156,
2150,200,332.1487731933594,
2151,200,258.88836669921875,
2152,200,197.34913635253906,
2153,200,173.0259552001953,
2154,200,116.51177978515625,
2155,200,69.88926696777344,
2156,200,47.702938079833984,
2157,200,36.881202697753906,
2158,200,35.495826721191406,
2159,200,35.495826721191406,
2160,200,47.26457214355469,
2161,200,112.77766418457031,
2162,200,274.48486328125,
2163,200,365.71575927734375,
2164,200,187.3487548828125,
2165,200,183.66012573242188,
2166,200,187.3487548828125,
2167,200,205.83607482910156,
2168,200,204.6717987060547,
2169,200,204.6717987060547,
2170,200,204.6717987060547,
2171,200,297.0726318359375,
2172,200,450.0845947265625,
2173,200,435.1683654785156,
2174,200,341.1417236328125,
2175,200,257.78155517578125,
2176,200,190.3138885498047,
2177,200,165.0540313720703,
2178,200,144.37417602539062,
2179,200,122.09751892089844,
2180,200,97.95851135253906,
2181,200,79.95420837402344,
2182,200,53.59725570678711,
2183,200,38.49747085571289,
2184,200,39.38983154296875,
2185,200,47.76775360107422,
2186,200,125.43718719482422,
2187,200,144.64834594726562,
2188,200,227.14295959472656,
2189,200,264.1976318359375,
2190,200,289.0024108886719,
2191,200,314.8038330078125,
2192,200,298.3524169921875,
2193,200,314.8038330078125,
2194,200,298.3524169921875,
2195,200,329.5558166503906,
2196,200,375.8085632324219,
2197,200,375.8085632324219,
2198,200,315.14471435546875,
2199,200,255.3528594970703,
2200,200,210.34805297851562,
2201,200,176.97174072265625,
2202,200,144.37417602539062,
